mpg,cylinders,displacement,horsepower,weight,acceleration,model year,origin
0.0555555555556,0.125,0.00325732899023,0.00769230769231,0.000285388127854,0.0833333333333,0.0142857142857,1.0
0.0666666666667,0.125,0.00285714285714,0.00606060606061,0.000270782561603,0.0869565217391,0.0142857142857,1.0
0.0555555555556,0.125,0.00314465408805,0.00666666666667,0.000291036088475,0.0909090909091,0.0142857142857,1.0
0.0625,0.125,0.00328947368421,0.00666666666667,0.000291290416545,0.0833333333333,0.0142857142857,1.0
0.0588235294118,0.125,0.00331125827815,0.00714285714286,0.000289939112786,0.0952380952381,0.0142857142857,1.0
0.0666666666667,0.125,0.002331002331,0.00505050505051,0.000230361667818,0.1,0.0142857142857,1.0
0.0714285714286,0.125,0.00220264317181,0.00454545454545,0.000229673863114,0.111111111111,0.0142857142857,1.0
0.0714285714286,0.125,0.00227272727273,0.0046511627907,0.000231910946197,0.117647058824,0.0142857142857,1.0
0.0714285714286,0.125,0.0021978021978,0.00444444444444,0.000225988700565,0.1,0.0142857142857,1.0
0.0666666666667,0.125,0.0025641025641,0.00526315789474,0.00025974025974,0.117647058824,0.0142857142857,1.0
0.0666666666667,0.125,0.00261096605744,0.00588235294118,0.000280662363177,0.1,0.0142857142857,1.0
0.0714285714286,0.125,0.00294117647059,0.00625,0.000277085065115,0.125,0.0142857142857,1.0
0.0666666666667,0.125,0.0025,0.00666666666667,0.000265886732252,0.105263157895,0.0142857142857,1.0
0.0714285714286,0.125,0.0021978021978,0.00444444444444,0.000324044069994,0.1,0.0142857142857,1.0
0.0416666666667,0.25,0.00884955752212,0.0105263157895,0.000421585160202,0.0666666666667,0.0142857142857,0.333333333333
0.0454545454545,0.166666666667,0.00505050505051,0.0105263157895,0.000352982703848,0.0645161290323,0.0142857142857,1.0
0.0555555555556,0.166666666667,0.00502512562814,0.0103092783505,0.000360490266763,0.0645161290323,0.0142857142857,1.0
0.047619047619,0.166666666667,0.005,0.0117647058824,0.000386548125242,0.0625,0.0142857142857,1.0
0.037037037037,0.25,0.0103092783505,0.0113636363636,0.000469483568075,0.0689655172414,0.0142857142857,0.333333333333
0.0384615384615,0.25,0.0103092783505,0.0217391304348,0.000544959128065,0.0487804878049,0.0142857142857,0.5
0.04,0.25,0.00909090909091,0.0114942528736,0.000374251497006,0.0571428571429,0.0142857142857,0.5
0.0416666666667,0.25,0.00934579439252,0.0111111111111,0.000411522633745,0.0689655172414,0.0142857142857,0.5
0.04,0.25,0.00961538461538,0.0105263157895,0.000421052631579,0.0571428571429,0.0142857142857,0.5
0.0384615384615,0.25,0.00826446280992,0.00884955752212,0.000447627573859,0.08,0.0142857142857,0.5
0.047619047619,0.166666666667,0.00502512562814,0.0111111111111,0.000377643504532,0.0666666666667,0.0142857142857,1.0
0.1,0.125,0.00277777777778,0.0046511627907,0.000216684723727,0.0714285714286,0.0142857142857,1.0
0.1,0.125,0.00325732899023,0.005,0.000228519195612,0.0666666666667,0.0142857142857,1.0
0.0909090909091,0.125,0.00314465408805,0.0047619047619,0.000228206298494,0.0740740740741,0.0142857142857,1.0
0.111111111111,0.125,0.00328947368421,0.00518134715026,0.000211327134404,0.0540540540541,0.0142857142857,1.0
0.037037037037,0.25,0.0103092783505,0.0113636363636,0.000469483568075,0.0689655172414,0.0140845070423,0.333333333333
0.0357142857143,0.25,0.00714285714286,0.0111111111111,0.000441696113074,0.0645161290323,0.0140845070423,1.0
0.04,0.25,0.00884955752212,0.0105263157895,0.000448833034111,0.0714285714286,0.0140845070423,0.333333333333
0.0526315789474,0.166666666667,0.00431034482759,0.01,0.000379650721336,0.0769230769231,0.0140845070423,1.0
0.0625,0.166666666667,0.00444444444444,0.00952380952381,0.000290782204129,0.0645161290323,0.0140845070423,1.0
0.0588235294118,0.166666666667,0.004,0.01,0.00030039050766,0.0645161290323,0.0140845070423,1.0
0.0526315789474,0.166666666667,0.004,0.0113636363636,0.00030284675954,0.0645161290323,0.0140845070423,1.0
0.0555555555556,0.166666666667,0.00431034482759,0.01,0.000304136253041,0.0645161290323,0.0140845070423,1.0
0.0714285714286,0.125,0.00285714285714,0.00606060606061,0.00023758612497,0.0833333333333,0.0140845070423,1.0
0.0714285714286,0.125,0.0025,0.00571428571429,0.000224014336918,0.0869565217391,0.0140845070423,1.0
0.0714285714286,0.125,0.002849002849,0.00653594771242,0.000240731824747,0.0740740740741,0.0140845070423,1.0
0.0714285714286,0.125,0.00314465408805,0.00666666666667,0.000244140625,0.0769230769231,0.0140845070423,1.0
0.0833333333333,0.125,0.00261096605744,0.00555555555556,0.000201816347124,0.0869565217391,0.0140845070423,1.0
0.0769230769231,0.125,0.0025,0.00588235294118,0.000210703750527,0.0833333333333,0.0140845070423,1.0
0.0769230769231,0.125,0.0025,0.00571428571429,0.000194552529183,0.0833333333333,0.0140845070423,1.0
0.0555555555556,0.166666666667,0.00387596899225,0.00909090909091,0.00033760972316,0.0740740740741,0.0140845070423,1.0
0.0454545454545,0.25,0.00714285714286,0.0138888888889,0.000415282392027,0.0526315789474,0.0140845070423,1.0
0.0526315789474,0.166666666667,0.004,0.01,0.000304692260817,0.0666666666667,0.0140845070423,1.0
0.0555555555556,0.166666666667,0.004,0.0113636363636,0.000318572793883,0.0689655172414,0.0140845070423,1.0
0.0434782608696,0.25,0.00819672131148,0.0116279069767,0.00045045045045,0.0714285714286,0.0140845070423,1.0
0.0357142857143,0.25,0.00862068965517,0.0111111111111,0.000471031559114,0.0714285714286,0.0140845070423,0.5
0.0333333333333,0.25,0.0126582278481,0.0142857142857,0.000482160077146,0.0512820512821,0.0140845070423,0.5
0.0333333333333,0.25,0.0113636363636,0.0131578947368,0.000484261501211,0.0689655172414,0.0140845070423,0.5
0.0322580645161,0.25,0.0140845070423,0.0153846153846,0.000564015792442,0.0526315789474,0.0140845070423,0.333333333333
0.0285714285714,0.25,0.0138888888889,0.0144927536232,0.000619962802232,0.0555555555556,0.0140845070423,0.333333333333
0.037037037037,0.25,0.0103092783505,0.0166666666667,0.000545256270447,0.0526315789474,0.0140845070423,0.5
0.0384615384615,0.25,0.010989010989,0.0142857142857,0.000511508951407,0.0487804878049,0.0140845070423,1.0
0.0416666666667,0.25,0.00884955752212,0.0105263157895,0.000438981562774,0.0645161290323,0.0138888888889,0.333333333333
0.04,0.25,0.0102564102564,0.0125,0.000470366886171,0.0588235294118,0.0138888888889,1.0
0.0434782608696,0.25,0.0103092783505,0.0185185185185,0.000443655723159,0.0425531914894,0.0138888888889,0.5
0.05,0.25,0.00714285714286,0.0111111111111,0.000415282392027,0.0512820512821,0.0138888888889,1.0
0.047619047619,0.25,0.00819672131148,0.0116279069767,0.000449236298293,0.0606060606061,0.0138888888889,1.0
0.0769230769231,0.125,0.00285714285714,0.00606060606061,0.000233972859148,0.0833333333333,0.0138888888889,1.0
0.0714285714286,0.125,0.0025,0.00571428571429,0.000228050171038,0.0833333333333,0.0138888888889,1.0
0.0666666666667,0.125,0.00314465408805,0.00666666666667,0.000241837968561,0.0740740740741,0.0138888888889,1.0
0.0714285714286,0.125,0.002849002849,0.00653594771242,0.000242189392105,0.0769230769231,0.0138888888889,1.0
0.0588235294118,0.125,0.00328947368421,0.00666666666667,0.000272331154684,0.0869565217391,0.0138888888889,1.0
0.0909090909091,0.125,0.002331002331,0.00480769230769,0.000215842866393,0.0909090909091,0.0138888888889,1.0
0.0769230769231,0.125,0.00285714285714,0.00645161290323,0.000222123500666,0.0740740740741,0.0138888888889,1.0
0.0833333333333,0.125,0.00285714285714,0.00625,0.000224416517056,0.0740740740741,0.0138888888889,1.0
0.0769230769231,0.125,0.0025,0.00526315789474,0.000226142017187,0.08,0.0138888888889,1.0
0.0526315789474,0.333333333333,0.0142857142857,0.0103092783505,0.000429184549356,0.0740740740741,0.0138888888889,0.333333333333
0.0666666666667,0.125,0.00328947368421,0.00666666666667,0.000256937307297,0.08,0.0138888888889,1.0
0.0769230769231,0.125,0.00325732899023,0.00769230769231,0.00024402147389,0.0714285714286,0.0138888888889,1.0
0.0769230769231,0.125,0.00331125827815,0.00714285714286,0.000232883092687,0.0625,0.0138888888889,1.0
0.0714285714286,0.125,0.00314465408805,0.00666666666667,0.000245278390974,0.0714285714286,0.0138888888889,1.0
0.0555555555556,0.25,0.00826446280992,0.00892857142857,0.000340947834981,0.0689655172414,0.0138888888889,0.5
0.0454545454545,0.25,0.00826446280992,0.0131578947368,0.000398247710076,0.0555555555556,0.0138888888889,0.5
0.047619047619,0.25,0.00833333333333,0.0114942528736,0.000335683115139,0.0512820512821,0.0138888888889,0.5
0.0384615384615,0.25,0.0104166666667,0.0144927536232,0.000456829602558,0.0555555555556,0.0138888888889,0.5
0.0454545454545,0.25,0.00819672131148,0.0116279069767,0.000417536534447,0.0625,0.0138888888889,1.0
0.0357142857143,0.25,0.0103092783505,0.0108695652174,0.000437062937063,0.0588235294118,0.0138888888889,0.333333333333
0.0434782608696,0.25,0.00833333333333,0.0103092783505,0.000399042298484,0.0689655172414,0.0138888888889,0.333333333333
0.0357142857143,0.25,0.0102040816327,0.0125,0.000462107208872,0.0666666666667,0.0138888888889,1.0
0.037037037037,0.25,0.0103092783505,0.0113636363636,0.00047619047619,0.0606060606061,0.0138888888889,0.333333333333
0.0769230769231,0.125,0.00285714285714,0.00571428571429,0.000243902439024,0.0769230769231,0.013698630137,1.0
0.0714285714286,0.125,0.00328947368421,0.00666666666667,0.000272331154684,0.0869565217391,0.013698630137,1.0
0.0769230769231,0.125,0.00285714285714,0.00689655172414,0.00025075225677,0.0769230769231,0.013698630137,1.0
0.0714285714286,0.125,0.00331125827815,0.00729927007299,0.000247402276101,0.0689655172414,0.013698630137,1.0
0.0666666666667,0.125,0.00314465408805,0.00666666666667,0.000264760391845,0.08,0.013698630137,1.0
0.0833333333333,0.125,0.002331002331,0.00505050505051,0.000201938610662,0.0869565217391,0.013698630137,1.0
0.0769230769231,0.125,0.0025,0.00666666666667,0.000224014336918,0.0833333333333,0.013698630137,1.0
0.0769230769231,0.125,0.002849002849,0.00632911392405,0.00022920009168,0.0769230769231,0.013698630137,1.0
0.0714285714286,0.125,0.00314465408805,0.00666666666667,0.000236016049091,0.0689655172414,0.013698630137,1.0
0.0769230769231,0.125,0.00227272727273,0.0046511627907,0.000211193241816,0.0909090909091,0.013698630137,1.0
0.0833333333333,0.125,0.0021978021978,0.00444444444444,0.000201979398101,0.0909090909091,0.013698630137,1.0
0.0769230769231,0.125,0.00277777777778,0.00571428571429,0.000261711593824,0.0909090909091,0.013698630137,1.0
0.0555555555556,0.166666666667,0.00444444444444,0.00952380952381,0.00032041012496,0.0606060606061,0.013698630137,1.0
0.0625,0.166666666667,0.004,0.01,0.000305064063453,0.0555555555556,0.013698630137,1.0
0.0555555555556,0.166666666667,0.00431034482759,0.01,0.000339558573854,0.0625,0.013698630137,1.0
0.0555555555556,0.166666666667,0.004,0.0113636363636,0.000331016219795,0.0606060606061,0.013698630137,1.0
0.0434782608696,0.166666666667,0.00505050505051,0.0105263157895,0.00034435261708,0.0625,0.013698630137,1.0
0.0384615384615,0.25,0.0103092783505,0.0217391304348,0.000512820512821,0.047619047619,0.013698630137,0.5
0.0909090909091,0.125,0.0025,0.00666666666667,0.000200120072043,0.0714285714286,0.013698630137,1.0
0.0833333333333,0.125,0.0025,0.0059880239521,0.000203832042397,0.08,0.013698630137,1.0
0.0769230769231,0.125,0.00277777777778,0.00588235294118,0.000214868929953,0.0769230769231,0.013698630137,1.0
0.0833333333333,0.125,0.00285714285714,0.00555555555556,0.000222271615915,0.08,0.013698630137,1.0
0.0555555555556,0.166666666667,0.00431034482759,0.01,0.000358551452133,0.0666666666667,0.013698630137,1.0
0.05,0.25,0.0103092783505,0.0113636363636,0.000438788942519,0.0526315789474,0.013698630137,0.333333333333
0.047619047619,0.25,0.00714285714286,0.0138888888889,0.000416493127863,0.0512820512821,0.013698630137,1.0
0.0454545454545,0.25,0.00925925925926,0.0106382978723,0.00042034468264,0.0606060606061,0.013698630137,0.333333333333
0.0555555555556,0.333333333333,0.0142857142857,0.0111111111111,0.000470809792844,0.0740740740741,0.013698630137,0.333333333333
0.0526315789474,0.25,0.00819672131148,0.0117647058824,0.0004329004329,0.0540540540541,0.013698630137,1.0
0.047619047619,0.166666666667,0.00645161290323,0.00934579439252,0.000404530744337,0.0714285714286,0.013698630137,1.0
0.0384615384615,0.25,0.0102040816327,0.0111111111111,0.000441501103753,0.0645161290323,0.013698630137,0.5
0.0666666666667,0.125,0.00285714285714,0.00689655172414,0.000244977951984,0.0769230769231,0.013698630137,1.0
0.0625,0.125,0.0025,0.00434782608696,0.000233754090697,0.105263157895,0.013698630137,1.0
0.0344827586207,0.25,0.0147058823529,0.0204081632653,0.000535618639529,0.0512820512821,0.013698630137,0.5
0.0416666666667,0.25,0.00862068965517,0.0133333333333,0.000463392029657,0.0645161290323,0.013698630137,0.5
0.05,0.25,0.00877192982456,0.010989010989,0.000387296669249,0.0714285714286,0.013698630137,0.5
0.0526315789474,0.25,0.00826446280992,0.00892857142857,0.000348675034868,0.0645161290323,0.013698630137,0.5
0.0666666666667,0.125,0.00314465408805,0.00666666666667,0.000294204177699,0.0909090909091,0.013698630137,1.0
0.0416666666667,0.25,0.00826446280992,0.00909090909091,0.000375939849624,0.0714285714286,0.013698630137,0.5
0.05,0.166666666667,0.00641025641026,0.00819672131148,0.000356252226576,0.0740740740741,0.013698630137,0.333333333333
0.0909090909091,0.125,0.00285714285714,0.00555555555556,0.000272925764192,0.0909090909091,0.013698630137,1.0
0.05,0.166666666667,0.00505050505051,0.0105263157895,0.000322372662798,0.0606060606061,0.0135135135135,1.0
0.0526315789474,0.166666666667,0.00431034482759,0.01,0.000344708721131,0.0625,0.0135135135135,1.0
0.0666666666667,0.166666666667,0.004,0.01,0.000299760191847,0.0588235294118,0.0135135135135,1.0
0.0322580645161,0.25,0.0126582278481,0.0149253731343,0.000512820512821,0.0526315789474,0.0135135135135,0.333333333333
0.0384615384615,0.25,0.00819672131148,0.0125,0.000407996736026,0.0606060606061,0.0135135135135,1.0
0.03125,0.25,0.0140845070423,0.0153846153846,0.000544662309368,0.047619047619,0.0135135135135,0.333333333333
0.04,0.25,0.00714285714286,0.0133333333333,0.000393391030685,0.0588235294118,0.0135135135135,1.0
0.0625,0.166666666667,0.004,0.01,0.000264480296218,0.0588235294118,0.0135135135135,1.0
0.0625,0.166666666667,0.00387596899225,0.00909090909091,0.000275330396476,0.0555555555556,0.0135135135135,1.0
0.0555555555556,0.166666666667,0.00444444444444,0.00952380952381,0.000276778300581,0.0606060606061,0.0135135135135,1.0
0.0625,0.125,0.00331125827815,0.00714285714286,0.00024148756339,0.0714285714286,0.0135135135135,1.0
0.0769230769231,0.125,0.00285714285714,0.00666666666667,0.000212811236433,0.0689655172414,0.0135135135135,1.0
0.0714285714286,0.125,0.00314465408805,0.00666666666667,0.000224366165582,0.0740740740741,0.0135135135135,1.0
0.0714285714286,0.125,0.00331125827815,0.00714285714286,0.0002156101768,0.0625,0.0135135135135,1.0
0.0714285714286,0.125,0.00328947368421,0.00666666666667,0.000234907211651,0.0645161290323,0.0135135135135,1.0
0.0344827586207,0.25,0.0102040816327,0.0120481927711,0.000450653447499,0.0606060606061,0.0135135135135,0.5
0.0384615384615,0.25,0.0126582278481,0.0149253731343,0.000509424350484,0.0645161290323,0.0135135135135,0.5
0.0384615384615,0.25,0.0103092783505,0.0128205128205,0.000434782608696,0.0689655172414,0.0135135135135,0.5
0.0322580645161,0.25,0.0131578947368,0.0192307692308,0.000606428138266,0.0606060606061,0.0135135135135,0.333333333333
0.03125,0.25,0.0120481927711,0.016393442623,0.000499251123315,0.0526315789474,0.0135135135135,0.333333333333
0.0357142857143,0.25,0.0111111111111,0.0133333333333,0.000470588235294,0.0689655172414,0.0135135135135,1.0
0.0416666666667,0.25,0.0111111111111,0.0133333333333,0.000474383301708,0.0645161290323,0.0135135135135,0.5
0.0384615384615,0.25,0.00862068965517,0.0133333333333,0.000445235975067,0.0714285714286,0.0135135135135,0.5
0.0416666666667,0.25,0.00833333333333,0.0103092783505,0.000401767778224,0.0666666666667,0.0135135135135,0.333333333333
0.0384615384615,0.25,0.00925925925926,0.010752688172,0.000418235048097,0.0645161290323,0.0135135135135,0.333333333333
0.0322580645161,0.25,0.0126582278481,0.0149253731343,0.0005,0.0625,0.0135135135135,0.5
0.0526315789474,0.166666666667,0.00444444444444,0.0105263157895,0.00030637254902,0.0625,0.0133333333333,1.0
0.0555555555556,0.166666666667,0.004,0.00952380952381,0.000289100896213,0.0625,0.0133333333333,1.0
0.0666666666667,0.166666666667,0.004,0.0138888888889,0.000291375291375,0.047619047619,0.0133333333333,1.0
0.0666666666667,0.166666666667,0.004,0.0138888888889,0.000316656111463,0.0512820512821,0.0133333333333,1.0
0.0625,0.125,0.0025,0.00588235294118,0.000214224507284,0.0869565217391,0.0133333333333,1.0
0.0666666666667,0.125,0.00285714285714,0.00689655172414,0.000225225225225,0.0714285714286,0.0133333333333,1.0
0.0625,0.125,0.00314465408805,0.00666666666667,0.00022232103157,0.0689655172414,0.0133333333333,1.0
0.0714285714286,0.125,0.002849002849,0.00675675675676,0.000214730513206,0.0740740740741,0.0133333333333,1.0
0.0588235294118,0.166666666667,0.004329004329,0.00909090909091,0.000255950857435,0.047619047619,0.0133333333333,1.0
0.0625,0.166666666667,0.004,0.00952380952381,0.000256607646908,0.0540540540541,0.0133333333333,1.0
0.0666666666667,0.166666666667,0.00387596899225,0.00909090909091,0.000268096514745,0.0526315789474,0.0133333333333,1.0
0.0555555555556,0.166666666667,0.00444444444444,0.0105263157895,0.000264200792602,0.0526315789474,0.0133333333333,1.0
0.047619047619,0.166666666667,0.004329004329,0.00909090909091,0.000329055610398,0.0666666666667,0.0133333333333,1.0
0.05,0.125,0.00381679389313,0.00909090909091,0.000310462589258,0.0740740740741,0.0133333333333,1.0
0.0769230769231,0.125,0.00331125827815,0.0077519379845,0.000315556958031,0.0833333333333,0.0133333333333,1.0
0.0344827586207,0.25,0.0103092783505,0.0133333333333,0.000460617227084,0.0625,0.0133333333333,0.333333333333
0.0434782608696,0.25,0.00714285714286,0.0120481927711,0.000378931413414,0.0588235294118,0.0133333333333,1.0
0.05,0.166666666667,0.00431034482759,0.01,0.000343170899108,0.0625,0.0133333333333,1.0
0.0434782608696,0.25,0.00714285714286,0.0128205128205,0.000385802469136,0.0540540540541,0.0133333333333,1.0
0.0416666666667,0.25,0.00746268656716,0.0104166666667,0.000370096225019,0.0740740740741,0.0133333333333,0.333333333333
0.04,0.25,0.0111111111111,0.0140845070423,0.000449842555106,0.0606060606061,0.0133333333333,0.5
0.0416666666667,0.25,0.00840336134454,0.0103092783505,0.000392927308448,0.0588235294118,0.0133333333333,0.333333333333
0.0555555555556,0.166666666667,0.00584795321637,0.0103092783505,0.000335120643432,0.0689655172414,0.0133333333333,1.0
0.0344827586207,0.25,0.0111111111111,0.0142857142857,0.000516262261229,0.0714285714286,0.0133333333333,0.5
0.0526315789474,0.166666666667,0.00431034482759,0.0111111111111,0.000311429461227,0.0588235294118,0.0133333333333,1.0
0.0434782608696,0.25,0.00869565217391,0.0105263157895,0.000371195248701,0.0666666666667,0.0133333333333,0.5
0.0434782608696,0.25,0.00833333333333,0.0113636363636,0.000338180588434,0.0588235294118,0.0133333333333,0.5
0.0454545454545,0.25,0.00826446280992,0.0102040816327,0.000339558573854,0.0689655172414,0.0133333333333,0.5
0.04,0.25,0.00826446280992,0.00869565217391,0.000374391613628,0.0740740740741,0.0133333333333,0.5
0.030303030303,0.25,0.010989010989,0.0188679245283,0.000557103064067,0.0571428571429,0.0133333333333,0.333333333333
0.0357142857143,0.25,0.00934579439252,0.0116279069767,0.000405844155844,0.0645161290323,0.0131578947368,0.5
0.04,0.25,0.00862068965517,0.0123456790123,0.00045045045045,0.0591715976331,0.0131578947368,0.5
0.04,0.25,0.00714285714286,0.0108695652174,0.000388802488336,0.0671140939597,0.0131578947368,1.0
0.0384615384615,0.25,0.0102040816327,0.0126582278481,0.000443458980044,0.0564971751412,0.0131578947368,1.0
0.037037037037,0.25,0.00990099009901,0.0120481927711,0.000454132606721,0.0653594771242,0.0131578947368,0.5
0.0571428571429,0.125,0.00327868852459,0.00714285714286,0.000237247924081,0.0769230769231,0.0131578947368,1.0
0.0625,0.125,0.00314465408805,0.00666666666667,0.000238663484487,0.0769230769231,0.0131578947368,1.0
0.0645161290323,0.125,0.00328947368421,0.00833333333333,0.0002523977789,0.0719424460432,0.0131578947368,1.0
0.0689655172414,0.125,0.002849002849,0.00657894736842,0.000237247924081,0.078125,0.0131578947368,1.0
0.0454545454545,0.166666666667,0.00444444444444,0.01,0.000309310238169,0.0649350649351,0.0131578947368,1.0
0.0454545454545,0.166666666667,0.004,0.00952380952381,0.000298240381748,0.0689655172414,0.0131578947368,1.0
0.0416666666667,0.166666666667,0.005,0.0123456790123,0.000332005312085,0.0568181818182,0.0131578947368,1.0
0.0444444444444,0.166666666667,0.00431034482759,0.0111111111111,0.00032414910859,0.0568181818182,0.0131578947368,1.0
0.0344827586207,0.25,0.0117647058824,0.0192307692308,0.0004914004914,0.045045045045,0.0131578947368,1.0
0.0408163265306,0.25,0.0102040816327,0.0166666666667,0.000462107208872,0.0452488687783,0.0131578947368,1.0
0.0344827586207,0.25,0.0111111111111,0.0142857142857,0.000516262261229,0.0704225352113,0.0131578947368,0.5
0.030303030303,0.25,0.010989010989,0.0188679245283,0.000557103064067,0.0574712643678,0.0131578947368,0.333333333333
0.05,0.166666666667,0.00444444444444,0.01,0.000273897562312,0.0564971751412,0.0131578947368,1.0
0.0555555555556,0.166666666667,0.004,0.0128205128205,0.000279798545048,0.047619047619,0.0131578947368,1.0
0.0540540540541,0.166666666667,0.004,0.00909090909091,0.000274348422497,0.0617283950617,0.0131578947368,1.0
0.0571428571429,0.166666666667,0.00387596899225,0.0105263157895,0.00031318509239,0.0561797752809,0.0131578947368,1.0
0.0338983050847,0.25,0.0103092783505,0.0140845070423,0.000547945205479,0.0819672131148,0.0131578947368,0.5
0.03125,0.25,0.0117647058824,0.0142857142857,0.000502512562814,0.0588235294118,0.0131578947368,0.333333333333
0.0357142857143,0.25,0.0103092783505,0.0133333333333,0.00046403712297,0.0609756097561,0.0131578947368,0.333333333333
0.0377358490566,0.25,0.00714285714286,0.0138888888889,0.000389863547758,0.0735294117647,0.0131578947368,1.0
0.05,0.25,0.00769230769231,0.00980392156863,0.00031746031746,0.0636942675159,0.0131578947368,0.5
0.0769230769231,0.125,0.00314465408805,0.00666666666667,0.000253807106599,0.0757575757576,0.0131578947368,1.0
0.0526315789474,0.25,0.00833333333333,0.0113636363636,0.000305810397554,0.0456621004566,0.0131578947368,0.5
0.0526315789474,0.166666666667,0.00641025641026,0.00925925925926,0.000341296928328,0.0645161290323,0.0131578947368,0.333333333333
0.0606060606061,0.166666666667,0.00595238095238,0.00833333333333,0.000261780104712,0.059880239521,0.0131578947368,0.5
0.0606060606061,0.125,0.00285714285714,0.00555555555556,0.000228310502283,0.0826446280992,0.0131578947368,1.0
0.0769230769231,0.125,0.00285714285714,0.00689655172414,0.000246609124538,0.0833333333333,0.0131578947368,1.0
0.0769230769231,0.125,0.00331125827815,0.00769230769231,0.000258397932817,0.0666666666667,0.0131578947368,1.0
0.0769230769231,0.125,0.00314465408805,0.00666666666667,0.000266311584554,0.0714285714286,0.0131578947368,1.0
0.031746031746,0.25,0.0102040816327,0.0147058823529,0.000488997555012,0.0540540540541,0.012987012987,0.333333333333
0.0333333333333,0.25,0.00900900900901,0.0125,0.00046403712297,0.0675675675676,0.012987012987,1.0
0.0277777777778,0.25,0.0126582278481,0.0172413793103,0.000547945205479,0.0537634408602,0.012987012987,0.5
0.0392156862745,0.25,0.00819672131148,0.0104166666667,0.000434782608696,0.0645161290323,0.012987012987,1.0
0.0298507462687,0.25,0.0117647058824,0.0142857142857,0.000514138817481,0.0595238095238,0.012987012987,0.333333333333
0.0571428571429,0.125,0.00327868852459,0.00689655172414,0.000257731958763,0.08,0.012987012987,1.0
0.0588235294118,0.125,0.00384615384615,0.00909090909091,0.000246305418719,0.0526315789474,0.012987012987,1.0
0.0645161290323,0.125,0.00314465408805,0.00689655172414,0.00024154589372,0.0729927007299,0.012987012987,1.0
0.0666666666667,0.125,0.00331125827815,0.00769230769231,0.00023282887078,0.0671140939597,0.012987012987,1.0
0.0571428571429,0.166666666667,0.004,0.00909090909091,0.000284090909091,0.0609756097561,0.012987012987,1.0
0.0487804878049,0.166666666667,0.004329004329,0.00952380952381,0.00029197080292,0.0591715976331,0.012987012987,1.0
0.0526315789474,0.166666666667,0.00444444444444,0.01,0.000275482093664,0.0564971751412,0.012987012987,1.0
0.0540540540541,0.166666666667,0.004,0.0102040816327,0.000283687943262,0.0526315789474,0.012987012987,1.0
0.0625,0.125,0.0025,0.00555555555556,0.000236966824645,0.0900900900901,0.012987012987,1.0
0.0645161290323,0.125,0.00285714285714,0.00588235294118,0.000240096038415,0.0877192982456,0.012987012987,1.0
0.0645161290323,0.125,0.0025,0.00526315789474,0.000231213872832,0.0819672131148,0.012987012987,1.0
0.0625,0.125,0.002849002849,0.00671140939597,0.000230680507497,0.0689655172414,0.012987012987,1.0
0.0344827586207,0.25,0.0103092783505,0.0128205128205,0.000515463917526,0.0689655172414,0.012987012987,0.5
0.0408163265306,0.25,0.00662251655629,0.0113636363636,0.00036496350365,0.0625,0.012987012987,1.0
0.0384615384615,0.25,0.0103092783505,0.0133333333333,0.000441501103753,0.0549450549451,0.012987012987,0.333333333333
0.0392156862745,0.25,0.00714285714286,0.0112359550562,0.000362976406534,0.0632911392405,0.012987012987,1.0
0.0327868852459,0.25,0.0102040816327,0.015873015873,0.000487567040468,0.0588235294118,0.012987012987,1.0
0.0298507462687,0.25,0.0102040816327,0.0120481927711,0.000481927710843,0.062893081761,0.012987012987,1.0
0.0333333333333,0.25,0.0103092783505,0.0149253731343,0.000503778337531,0.0609756097561,0.012987012987,0.333333333333
0.0327868852459,0.25,0.0103092783505,0.0128205128205,0.000456621004566,0.0709219858156,0.012987012987,0.5
0.0454545454545,0.166666666667,0.00684931506849,0.0103092783505,0.000355239786856,0.0689655172414,0.012987012987,0.333333333333
0.046511627907,0.25,0.00826446280992,0.00909090909091,0.000384615384615,0.078125,0.012987012987,0.5
0.046511627907,0.333333333333,0.0125,0.00909090909091,0.000367647058824,0.0740740740741,0.012987012987,0.333333333333
0.0232018561485,0.25,0.0111111111111,0.0208333333333,0.000503778337531,0.046511627907,0.0128205128205,0.5
0.0277008310249,0.25,0.0102040816327,0.0151515151515,0.000555555555556,0.0694444444444,0.0128205128205,1.0
0.030487804878,0.25,0.0128205128205,0.0192307692308,0.000503778337531,0.0515463917526,0.0128205128205,0.333333333333
0.0253807106599,0.25,0.0117647058824,0.0142857142857,0.00048309178744,0.0537634408602,0.0128205128205,0.333333333333
0.0277008310249,0.25,0.010989010989,0.0166666666667,0.000555555555556,0.0609756097561,0.0128205128205,0.333333333333
0.0502512562814,0.125,0.00384615384615,0.00909090909091,0.000297176820208,0.0645161290323,0.0128205128205,1.0
0.0515463917526,0.125,0.00314465408805,0.00714285714286,0.000267737617135,0.0757575757576,0.0128205128205,1.0
0.049504950495,0.125,0.00331125827815,0.00719424460432,0.000280112044818,0.078125,0.0128205128205,1.0
0.0520833333333,0.166666666667,0.004329004329,0.00952380952381,0.0002828854314,0.0520833333333,0.0128205128205,1.0
0.0487804878049,0.166666666667,0.005,0.0105263157895,0.000316957210777,0.0549450549451,0.0128205128205,1.0
0.049504950495,0.166666666667,0.005,0.0117647058824,0.000337268128162,0.0632911392405,0.0128205128205,1.0
0.0398406374502,0.25,0.00714285714286,0.0113636363636,0.000367647058824,0.0649350649351,0.0128205128205,1.0
0.0487804878049,0.166666666667,0.00444444444444,0.01,0.000291545189504,0.0581395348837,0.0128205128205,1.0
0.0515463917526,0.166666666667,0.00431034482759,0.0111111111111,0.000311526479751,0.0581395348837,0.0128205128205,1.0
0.0485436893204,0.166666666667,0.004329004329,0.00952380952381,0.000295857988166,0.0632911392405,0.0128205128205,1.0
0.0480769230769,0.166666666667,0.005,0.0117647058824,0.000325732899023,0.059880239521,0.0128205128205,1.0
0.0537634408602,0.166666666667,0.00444444444444,0.00909090909091,0.000276243093923,0.0534759358289,0.0128205128205,1.0
0.0552486187845,0.166666666667,0.00387596899225,0.00833333333333,0.000293255131965,0.0662251655629,0.0128205128205,1.0
0.0520833333333,0.125,0.00327868852459,0.00689655172414,0.00029197080292,0.0757575757576,0.0128205128205,1.0
0.0564971751412,0.166666666667,0.004329004329,0.00606060606061,0.000290275761974,0.0746268656716,0.0128205128205,1.0
0.0552486187845,0.125,0.00331125827815,0.00719424460432,0.000312012480499,0.0892857142857,0.0128205128205,1.0
0.0571428571429,0.125,0.00314465408805,0.00714285714286,0.000245098039216,0.0729927007299,0.0128205128205,1.0
0.0333333333333,0.25,0.0102040816327,0.0147058823529,0.00046403712297,0.0606060606061,0.0128205128205,1.0
0.0363636363636,0.25,0.00746268656716,0.0105263157895,0.000390625,0.0704225352113,0.0128205128205,0.333333333333
0.0367647058824,0.25,0.00840336134454,0.0103092783505,0.000434782608696,0.0680272108844,0.0128205128205,0.333333333333
0.0323624595469,0.25,0.00952380952381,0.0133333333333,0.000448430493274,0.0689655172414,0.0128205128205,1.0
0.0473933649289,0.25,0.00746268656716,0.0105263157895,0.000397614314115,0.0675675675676,0.0128205128205,0.333333333333
0.0431034482759,0.25,0.00641025641026,0.00952380952381,0.000364298724954,0.059880239521,0.0128205128205,1.0
0.0420168067227,0.25,0.00662251655629,0.0117647058824,0.000350262697023,0.0568181818182,0.0128205128205,1.0
0.0418410041841,0.25,0.00840336134454,0.0103092783505,0.0004158004158,0.0671140939597,0.0128205128205,0.333333333333
0.0492610837438,0.2,0.00763358778626,0.00970873786408,0.000353356890459,0.062893081761,0.0128205128205,0.5
0.0588235294118,0.166666666667,0.00613496932515,0.008,0.00031847133758,0.0735294117647,0.0128205128205,0.5
0.0462962962963,0.25,0.00826446280992,0.00869565217391,0.000357781753131,0.0636942675159,0.0128205128205,0.5
0.0617283950617,0.166666666667,0.00613496932515,0.00751879699248,0.000293255131965,0.0632911392405,0.0128205128205,0.5
0.031746031746,0.25,0.0112359550562,0.0140845070423,0.000502512562814,0.0671140939597,0.0128205128205,0.5
0.0338983050847,0.25,0.0102040816327,0.0147058823529,0.000468384074941,0.0602409638554,0.0128205128205,0.333333333333
0.046511627907,0.166666666667,0.004329004329,0.00869565217391,0.000308166409861,0.0649350649351,0.0126582278481,1.0
0.0505050505051,0.166666666667,0.005,0.0117647058824,0.000334448160535,0.0549450549451,0.0126582278481,1.0
0.0448430493274,0.25,0.00714285714286,0.0113636363636,0.000346020761246,0.0578034682081,0.0126582278481,1.0
0.049504950495,0.166666666667,0.00431034482759,0.0111111111111,0.000306278713629,0.0549450549451,0.0126582278481,1.0
0.0485436893204,0.166666666667,0.00444444444444,0.00909090909091,0.000297619047619,0.0602409638554,0.0126582278481,1.0
0.0588235294118,0.125,0.00327868852459,0.00769230769231,0.000260416666667,0.0649350649351,0.0126582278481,1.0
0.0568181818182,0.125,0.00331125827815,0.0077519379845,0.000268456375839,0.0746268656716,0.0126582278481,1.0
0.0606060606061,0.125,0.002849002849,0.00724637681159,0.000252844500632,0.0757575757576,0.0126582278481,1.0
0.0549450549451,0.125,0.00314465408805,0.00740740740741,0.000261096605744,0.0657894736842,0.0126582278481,1.0
0.0591715976331,0.125,0.00285714285714,0.00645161290323,0.000229357798165,0.0671140939597,0.0126582278481,1.0
0.0645161290323,0.125,0.002849002849,0.00704225352113,0.000246669955599,0.0699300699301,0.0126582278481,1.0
0.0520833333333,0.125,0.00374531835206,0.008,0.000277392510402,0.0666666666667,0.0126582278481,1.0
0.0540540540541,0.125,0.00277777777778,0.00666666666667,0.000253807106599,0.0769230769231,0.0126582278481,1.0
0.0313479623824,0.25,0.0112359550562,0.0140845070423,0.000519480519481,0.0714285714286,0.0126582278481,0.5
0.0293255131965,0.25,0.0116279069767,0.0153846153846,0.000506329113924,0.0657894736842,0.0126582278481,0.333333333333
0.0280112044818,0.25,0.0102040816327,0.0125,0.000522193211488,0.0694444444444,0.0126582278481,1.0
0.036496350365,0.25,0.00826446280992,0.0125,0.000374531835206,0.0666666666667,0.0126582278481,1.0
0.0393700787402,0.2,0.00546448087432,0.012987012987,0.00028328611898,0.0497512437811,0.0126582278481,0.5
0.0434782608696,0.125,0.00285714285714,0.008,0.00025641025641,0.0574712643678,0.0126582278481,1.0
0.0367647058824,0.25,0.00709219858156,0.0140845070423,0.000313479623824,0.0403225806452,0.0126582278481,0.5
0.0418410041841,0.125,0.00384615384615,0.0111111111111,0.000292397660819,0.045045045045,0.0126582278481,1.0
0.0292397660819,0.25,0.00952380952381,0.0142857142857,0.000454545454545,0.0757575757576,0.0126582278481,1.0
0.0289855072464,0.25,0.00952380952381,0.0142857142857,0.00046511627907,0.0671140939597,0.0126582278481,1.0
0.0314465408805,0.25,0.0117647058824,0.0153846153846,0.00049504950495,0.0520833333333,0.0126582278481,0.333333333333
0.0268096514745,0.25,0.010989010989,0.0144927536232,0.000469483568075,0.0680272108844,0.0126582278481,0.5
0.0352112676056,0.25,0.00662251655629,0.0111111111111,0.000374531835206,0.0625,0.0126582278481,1.0
0.0347222222222,0.166666666667,0.00578034682081,0.00869565217391,0.000385356454721,0.0884955752212,0.0126582278481,1.0
0.0373134328358,0.166666666667,0.00578034682081,0.00869565217391,0.00037037037037,0.077519379845,0.0126582278481,1.0
0.0298507462687,0.25,0.00662251655629,0.0111111111111,0.000391236306729,0.0757575757576,0.0126582278481,1.0
0.0240963855422,0.25,0.0102040816327,0.0131578947368,0.000466417910448,0.0680272108844,0.0125,0.5
0.0262467191601,0.25,0.0112359550562,0.0166666666667,0.000508130081301,0.0531914893617,0.0125,0.333333333333
0.0311526479751,0.25,0.0102040816327,0.0142857142857,0.000471698113208,0.0645161290323,0.0125,1.0
0.0268817204301,0.25,0.0116279069767,0.0153846153846,0.000495294700347,0.0609756097561,0.0125,0.333333333333
0.0357142857143,0.25,0.00662251655629,0.0111111111111,0.000373412994772,0.0606060606061,0.0125,1.0
0.0378787878788,0.25,0.00714285714286,0.0113636363636,0.000348432055749,0.0552486187845,0.0125,1.0
0.0411522633745,0.25,0.00662251655629,0.0111111111111,0.000333000333,0.0497512437811,0.0125,1.0
0.0523560209424,0.166666666667,0.00444444444444,0.0111111111111,0.000295770482106,0.0534759358289,0.0125,1.0
0.0291545189504,0.25,0.0103092783505,0.0128205128205,0.000457038391225,0.0632911392405,0.0125,0.5
0.0335570469799,0.25,0.00746268656716,0.0111111111111,0.00036886757654,0.0645161290323,0.0125,0.333333333333
0.0319488817891,0.25,0.00833333333333,0.0133333333333,0.000393391030685,0.0571428571429,0.0125,0.333333333333
0.027027027027,0.25,0.00840336134454,0.0108695652174,0.000410846343468,0.0666666666667,0.0125,0.333333333333
0.0310559006211,0.25,0.00925925925926,0.0133333333333,0.000441501103753,0.0657894736842,0.0125,0.333333333333
0.0214592274678,0.25,0.0116279069767,0.0153846153846,0.000473933649289,0.0558659217877,0.0125,0.333333333333
0.0358422939068,0.25,0.00641025641026,0.00952380952381,0.000357142857143,0.0694444444444,0.0125,1.0
0.0245098039216,0.25,0.0117647058824,0.0153846153846,0.000473933649289,0.0520833333333,0.0125,0.333333333333
0.0225733634312,0.25,0.0111111111111,0.0208333333333,0.000479616306954,0.0460829493088,0.0125,0.5
0.0230414746544,0.25,0.0111111111111,0.0208333333333,0.000428265524625,0.042194092827,0.0125,0.5
0.0274725274725,0.2,0.00826446280992,0.0149253731343,0.000338983050847,0.0502512562814,0.0125,0.5
0.0333333333333,0.25,0.00684931506849,0.0149253731343,0.000307692307692,0.045871559633,0.0125,0.5
0.0224215246637,0.25,0.010989010989,0.0149253731343,0.000540540540541,0.0724637681159,0.0125,0.333333333333
0.0295857988166,0.25,0.0103092783505,0.0149253731343,0.0004662004662,0.0555555555556,0.0125,0.333333333333
0.0335570469799,0.25,0.0112359550562,0.0161290322581,0.000542005420054,0.0653594771242,0.0125,0.5
0.0305810397554,0.166666666667,0.00595238095238,0.00757575757576,0.000343642611684,0.0877192982456,0.0125,0.333333333333
0.042194092827,0.333333333333,0.0142857142857,0.01,0.000413223140496,0.08,0.0125,0.333333333333
0.0285714285714,0.25,0.00819672131148,0.0113636363636,0.0004,0.0662251655629,0.0125,0.5
0.0308641975309,0.25,0.00934579439252,0.0138888888889,0.000436681222707,0.0588235294118,0.0125,0.333333333333
0.0367647058824,0.25,0.00740740740741,0.0119047619048,0.000401606425703,0.0636942675159,0.0123456790123,1.0
0.0375939849624,0.25,0.00662251655629,0.0119047619048,0.000379506641366,0.0609756097561,0.0123456790123,1.0
0.0387596899225,0.25,0.00641025641026,0.0108695652174,0.000381679389313,0.0694444444444,0.0123456790123,1.0
0.0425531914894,0.166666666667,0.00578034682081,0.00909090909091,0.000366972477064,0.0793650793651,0.0123456790123,1.0
0.0333333333333,0.25,0.00740740740741,0.0119047619048,0.00041928721174,0.077519379845,0.0123456790123,1.0
0.0255754475703,0.25,0.0126582278481,0.0172413793103,0.000569800569801,0.0591715976331,0.0123456790123,0.333333333333
0.025641025641,0.25,0.0116279069767,0.015625,0.000533333333333,0.0609756097561,0.0123456790123,1.0
0.02849002849,0.25,0.0123456790123,0.0166666666667,0.000568181818182,0.0621118012422,0.0123456790123,0.333333333333
0.030959752322,0.25,0.0103092783505,0.0149253731343,0.000484261501211,0.0561797752809,0.0123456790123,0.333333333333
0.027027027027,0.25,0.0117647058824,0.0153846153846,0.000506329113924,0.0515463917526,0.0123456790123,0.333333333333
0.026525198939,0.25,0.0112359550562,0.0161290322581,0.000487804878049,0.0578034682081,0.0123456790123,0.333333333333
0.0293255131965,0.25,0.010989010989,0.0147058823529,0.000503778337531,0.0625,0.0123456790123,0.333333333333
0.028818443804,0.25,0.00952380952381,0.015873015873,0.000451467268623,0.0671140939597,0.0123456790123,1.0
0.0290697674419,0.25,0.0102040816327,0.0153846153846,0.000488997555012,0.0617283950617,0.0123456790123,1.0
0.0334448160535,0.25,0.0102040816327,0.0153846153846,0.000420168067227,0.048309178744,0.0123456790123,1.0
0.030303030303,0.25,0.00952380952381,0.0135135135135,0.000456621004566,0.0704225352113,0.0123456790123,0.5
0.0296735905045,0.25,0.00934579439252,0.0133333333333,0.000452488687783,0.0694444444444,0.0123456790123,0.333333333333
0.0308641975309,0.25,0.00925925925926,0.0133333333333,0.000425531914894,0.0595238095238,0.0123456790123,0.333333333333
0.0303951367781,0.25,0.00840336134454,0.01,0.00038240917782,0.0675675675676,0.0123456790123,0.333333333333
0.0316455696203,0.25,0.00833333333333,0.0135135135135,0.000379506641366,0.0546448087432,0.0123456790123,0.333333333333
0.0355871886121,0.25,0.00709219858156,0.0125,0.00030959752322,0.0490196078431,0.0123456790123,0.5
0.0325732899023,0.166666666667,0.00689655172414,0.0131578947368,0.000316455696203,0.0510204081633,0.0123456790123,0.5
0.0393700787402,0.166666666667,0.00595238095238,0.00862068965517,0.000344827586207,0.0793650793651,0.0123456790123,0.333333333333
0.0413223140496,0.166666666667,0.00684931506849,0.00833333333333,0.000341296928328,0.0724637681159,0.0123456790123,0.333333333333
0.0446428571429,0.166666666667,0.004329004329,0.00909090909091,0.000292825768668,0.0632911392405,0.0123456790123,1.0
0.0375939849624,0.125,0.00285714285714,0.00952380952381,0.000268456375839,0.0526315789474,0.0123456790123,1.0
0.049504950495,0.166666666667,0.005,0.0113636363636,0.000326797385621,0.0584795321637,0.0123456790123,1.0
0.0568181818182,0.166666666667,0.00444444444444,0.0117647058824,0.0002886002886,0.0602409638554,0.0123456790123,1.0
0.0357142857143,0.25,0.00892857142857,0.0113636363636,0.000383877159309,0.0510204081633,0.0121951219512,1.0
0.037037037037,0.25,0.00892857142857,0.0113636363636,0.000378787878788,0.0537634408602,0.0121951219512,1.0
0.0294117647059,0.25,0.00892857142857,0.0113636363636,0.000417536534447,0.0555555555556,0.0121951219512,1.0
0.0322580645161,0.25,0.00892857142857,0.0117647058824,0.000388349514563,0.0617283950617,0.0121951219512,1.0
0.0344827586207,0.25,0.00740740740741,0.0119047619048,0.00039603960396,0.0625,0.0121951219512,1.0
0.037037037037,0.25,0.00662251655629,0.0111111111111,0.00036563071298,0.0555555555556,0.0121951219512,1.0
0.0416666666667,0.25,0.00714285714286,0.0108695652174,0.000349040139616,0.0609756097561,0.0121951219512,1.0
0.0277777777778,0.25,0.00952380952381,0.0135135135135,0.000505050505051,0.0653594771242,0.0121951219512,0.5
0.027027027027,0.25,0.010989010989,0.0147058823529,0.000493827160494,0.0549450549451,0.0121951219512,0.333333333333
0.0322580645161,0.25,0.010989010989,0.0147058823529,0.000507614213198,0.0568181818182,0.0121951219512,0.333333333333
0.0263157894737,0.25,0.00952380952381,0.015873015873,0.000470588235294,0.0680272108844,0.0121951219512,1.0
0.0277777777778,0.25,0.0102040816327,0.0142857142857,0.000470588235294,0.0578034682081,0.0121951219512,1.0
0.0277777777778,0.25,0.00833333333333,0.0113636363636,0.000462962962963,0.0689655172414,0.0121951219512,0.333333333333
0.0277777777778,0.25,0.00934579439252,0.0133333333333,0.000453514739229,0.0689655172414,0.0121951219512,0.333333333333
0.0294117647059,0.25,0.00925925925926,0.0142857142857,0.000445434298441,0.0591715976331,0.0121951219512,0.333333333333
0.0263157894737,0.25,0.010989010989,0.0149253731343,0.000508905852417,0.0666666666667,0.0121951219512,0.333333333333
0.03125,0.25,0.010989010989,0.0149253731343,0.000508905852417,0.0636942675159,0.0121951219512,0.333333333333
0.0263157894737,0.25,0.010989010989,0.0149253731343,0.000501253132832,0.0617283950617,0.0121951219512,0.333333333333
0.04,0.166666666667,0.00552486187845,0.00909090909091,0.000339558573854,0.0609756097561,0.0121951219512,1.0
0.0263157894737,0.166666666667,0.00381679389313,0.0117647058824,0.000331674958541,0.0588235294118,0.0121951219512,1.0
0.0384615384615,0.25,0.00641025641026,0.0108695652174,0.000386847195358,0.0689655172414,0.0121951219512,1.0
0.0454545454545,0.166666666667,0.00431034482759,0.00892857142857,0.000352733686067,0.0680272108844,0.0121951219512,1.0
0.03125,0.25,0.00694444444444,0.0104166666667,0.000375234521576,0.0719424460432,0.0121951219512,0.333333333333
0.0277777777778,0.25,0.00740740740741,0.0119047619048,0.00042194092827,0.0769230769231,0.0121951219512,1.0
0.037037037037,0.25,0.00662251655629,0.0111111111111,0.000338983050847,0.0578034682081,0.0121951219512,1.0
0.037037037037,0.25,0.00714285714286,0.0116279069767,0.000358422939068,0.0641025641026,0.0121951219512,1.0
0.0227272727273,0.25,0.0103092783505,0.0192307692308,0.000469483568075,0.0406504065041,0.0121951219512,0.5
0.03125,0.25,0.00740740740741,0.0119047619048,0.000435729847495,0.0862068965517,0.0121951219512,1.0
0.0357142857143,0.25,0.00833333333333,0.0126582278481,0.000380952380952,0.0537634408602,0.0121951219512,1.0
0.0322580645161,0.25,0.00840336134454,0.0121951219512,0.000367647058824,0.0515463917526,0.0121951219512,1.0
